{
  "lang":"en",
  "name":"pipeline",
  "version":"0.0.0",
  "spacy_version":">=3.0.5,<3.1.0",
  "description":"",
  "author":"",
  "email":"",
  "url":"",
  "license":"",
  "spacy_git_version":"53a3b967a",
  "vectors":{
    "width":0,
    "vectors":0,
    "keys":0,
    "name":null
  },
  "labels":{
    "tok2vec":[

    ],
    "textcat":[
      "CENSUS",
      "HEALTH",
      "POPULATION_MIGRATION",
      "ECONOMY",
      "LABOURMARKET",
      "CRIME",
      "ENVIRONMENT",
      "INEQUAL_WELLBEING",
      "EDUCATION",
      "TRANSPORT",
      "DEFENCE",
      "FOREIGNPOLICY",
      "HOUSING",
      "TAXSPEND",
      "OTHER"
    ]
  },
  "pipeline":[
    "tok2vec",
    "textcat"
  ],
  "components":[
    "tok2vec",
    "textcat"
  ],
  "disabled":[

  ],
  "performance":{
    "cats_score_desc":"macro F",
    "cats_micro_p":0.6657458564,
    "cats_micro_r":0.5464852608,
    "cats_micro_f":0.600249066,
    "cats_macro_p":0.7180251272,
    "cats_macro_r":0.4277812389,
    "cats_macro_f":0.4940231181,
    "cats_macro_auc":0.7649833815,
    "cats_f_per_type":{
      "CENSUS":{
        "p":0.0,
        "r":0.0,
        "f":0.0
      },
      "HEALTH":{
        "p":0.7647058824,
        "r":0.619047619,
        "f":0.6842105263
      },
      "POPULATION_MIGRATION":{
        "p":0.4,
        "r":0.3333333333,
        "f":0.3636363636
      },
      "ECONOMY":{
        "p":0.4772727273,
        "r":0.5,
        "f":0.488372093
      },
      "LABOURMARKET":{
        "p":1.0,
        "r":0.3333333333,
        "f":0.5
      },
      "CRIME":{
        "p":0.7428571429,
        "r":0.8125,
        "f":0.776119403
      },
      "ENVIRONMENT":{
        "p":0.8181818182,
        "r":0.36,
        "f":0.5
      },
      "INEQUAL_WELLBEING":{
        "p":1.0,
        "r":0.1428571429,
        "f":0.25
      },
      "EDUCATION":{
        "p":0.7272727273,
        "r":0.380952381,
        "f":0.5
      },
      "TRANSPORT":{
        "p":0.9047619048,
        "r":0.5277777778,
        "f":0.6666666667
      },
      "DEFENCE":{
        "p":0.8888888889,
        "r":0.347826087,
        "f":0.5
      },
      "FOREIGNPOLICY":{
        "p":0.8235294118,
        "r":0.7636363636,
        "f":0.7924528302
      },
      "HOUSING":{
        "p":0.7142857143,
        "r":0.5,
        "f":0.5882352941
      },
      "TAXSPEND":{
        "p":1.0,
        "r":0.125,
        "f":0.2222222222
      },
      "OTHER":{
        "p":0.5086206897,
        "r":0.6704545455,
        "f":0.5784313725
      }
    },
    "cats_macro_auc_per_type":0.0,
    "cats_score":0.4940231181,
    "tok2vec_loss":0.0,
    "textcat_loss":14.0962255386
  }
}