{
  "lang":"en",
  "name":"pipeline",
  "version":"0.0.0",
  "spacy_version":">=3.0.5,<3.1.0",
  "description":"",
  "author":"",
  "email":"",
  "url":"",
  "license":"",
  "spacy_git_version":"53a3b967a",
  "vectors":{
    "width":0,
    "vectors":0,
    "keys":0,
    "name":null
  },
  "labels":{
    "tok2vec":[

    ],
    "textcat":[
      "CENSUS",
      "HEALTH",
      "POPULATION_MIGRATION",
      "ECONOMY",
      "LABOURMARKET",
      "CRIME",
      "ENVIRONMENT",
      "INEQUAL_WELLBEING",
      "EDUCATION",
      "TRANSPORT",
      "DEFENCE",
      "FOREIGNPOLICY",
      "HOUSING",
      "TAXSPEND",
      "OTHER"
    ]
  },
  "pipeline":[
    "tok2vec",
    "textcat"
  ],
  "components":[
    "tok2vec",
    "textcat"
  ],
  "disabled":[

  ],
  "performance":{
    "cats_score_desc":"macro F",
    "cats_micro_p":0.7598784195,
    "cats_micro_r":0.566893424,
    "cats_micro_f":0.6493506494,
    "cats_macro_p":0.7221249165,
    "cats_macro_r":0.4864595803,
    "cats_macro_f":0.5746136625,
    "cats_macro_auc":0.8515147829,
    "cats_f_per_type":{
      "CENSUS":{
        "p":0.0,
        "r":0.0,
        "f":0.0
      },
      "HEALTH":{
        "p":0.90625,
        "r":0.6904761905,
        "f":0.7837837838
      },
      "POPULATION_MIGRATION":{
        "p":0.6666666667,
        "r":0.3333333333,
        "f":0.4444444444
      },
      "ECONOMY":{
        "p":0.6538461538,
        "r":0.4047619048,
        "f":0.5
      },
      "LABOURMARKET":{
        "p":0.9230769231,
        "r":0.5714285714,
        "f":0.7058823529
      },
      "CRIME":{
        "p":0.7419354839,
        "r":0.71875,
        "f":0.7301587302
      },
      "ENVIRONMENT":{
        "p":0.75,
        "r":0.48,
        "f":0.5853658537
      },
      "INEQUAL_WELLBEING":{
        "p":1.0,
        "r":0.5,
        "f":0.6666666667
      },
      "EDUCATION":{
        "p":0.7692307692,
        "r":0.4761904762,
        "f":0.5882352941
      },
      "TRANSPORT":{
        "p":0.96,
        "r":0.6666666667,
        "f":0.7868852459
      },
      "DEFENCE":{
        "p":1.0,
        "r":0.6086956522,
        "f":0.7567567568
      },
      "FOREIGNPOLICY":{
        "p":0.8510638298,
        "r":0.7272727273,
        "f":0.7843137255
      },
      "HOUSING":{
        "p":0.8333333333,
        "r":0.5,
        "f":0.625
      },
      "TAXSPEND":{
        "p":0.2,
        "r":0.0625,
        "f":0.0952380952
      },
      "OTHER":{
        "p":0.5764705882,
        "r":0.5568181818,
        "f":0.5664739884
      }
    },
    "cats_macro_auc_per_type":0.0,
    "cats_score":0.5746136625,
    "tok2vec_loss":0.0,
    "textcat_loss":0.0000101055
  }
}