{
  "lang":"en",
  "name":"pipeline",
  "version":"0.0.0",
  "spacy_version":">=3.0.5,<3.1.0",
  "description":"",
  "author":"",
  "email":"",
  "url":"",
  "license":"",
  "spacy_git_version":"53a3b967a",
  "vectors":{
    "width":0,
    "vectors":0,
    "keys":0,
    "name":null
  },
  "labels":{
    "tok2vec":[

    ],
    "textcat":[
      "CENSUS",
      "HEALTH",
      "POPULATION_MIGRATION",
      "ECONOMY",
      "LABOURMARKET",
      "CRIME",
      "ENVIRONMENT",
      "INEQUAL_WELLBEING",
      "EDUCATION",
      "TRANSPORT",
      "DEFENCE",
      "FOREIGNPOLICY",
      "HOUSING",
      "TAXSPEND",
      "OTHER"
    ]
  },
  "pipeline":[
    "tok2vec",
    "textcat"
  ],
  "components":[
    "tok2vec",
    "textcat"
  ],
  "disabled":[

  ],
  "performance":{
    "cats_score_desc":"macro F",
    "cats_micro_p":0.7556818182,
    "cats_micro_r":0.6031746032,
    "cats_micro_f":0.6708701135,
    "cats_macro_p":0.7174742758,
    "cats_macro_r":0.5274651118,
    "cats_macro_f":0.6022926213,
    "cats_macro_auc":0.8579788931,
    "cats_f_per_type":{
      "CENSUS":{
        "p":0.0,
        "r":0.0,
        "f":0.0
      },
      "HEALTH":{
        "p":0.9117647059,
        "r":0.7380952381,
        "f":0.8157894737
      },
      "POPULATION_MIGRATION":{
        "p":0.6,
        "r":0.5,
        "f":0.5454545455
      },
      "ECONOMY":{
        "p":0.7142857143,
        "r":0.4761904762,
        "f":0.5714285714
      },
      "LABOURMARKET":{
        "p":0.9,
        "r":0.4285714286,
        "f":0.5806451613
      },
      "CRIME":{
        "p":0.7666666667,
        "r":0.71875,
        "f":0.7419354839
      },
      "ENVIRONMENT":{
        "p":0.7368421053,
        "r":0.56,
        "f":0.6363636364
      },
      "INEQUAL_WELLBEING":{
        "p":0.875,
        "r":0.5,
        "f":0.6363636364
      },
      "EDUCATION":{
        "p":0.8125,
        "r":0.619047619,
        "f":0.7027027027
      },
      "TRANSPORT":{
        "p":0.9615384615,
        "r":0.6944444444,
        "f":0.8064516129
      },
      "DEFENCE":{
        "p":0.875,
        "r":0.6086956522,
        "f":0.7179487179
      },
      "FOREIGNPOLICY":{
        "p":0.875,
        "r":0.7636363636,
        "f":0.8155339806
      },
      "HOUSING":{
        "p":0.9230769231,
        "r":0.6,
        "f":0.7272727273
      },
      "TAXSPEND":{
        "p":0.25,
        "r":0.125,
        "f":0.1666666667
      },
      "OTHER":{
        "p":0.5604395604,
        "r":0.5795454545,
        "f":0.5698324022
      }
    },
    "cats_macro_auc_per_type":0.0,
    "cats_score":0.6022926213,
    "tok2vec_loss":0.0,
    "textcat_loss":0.0000003807
  }
}